Subsystem,KPI,Problem,Solution,Data needed,Data Source,Sensors/Tech,Formula/Explanation,Units,Visualization,Frequency,Threshold
Overview,Thrust-to-Weight Ratio,Insufficient thrust output relative to engine weight limiting maneuverability and climb performance,Optimize compressor efficiency and reduce engine weight through advanced composite materials,"Thrust output, Engine weight, Compressor efficiency data","Engine test bed data, Simulation output, Flight telemetry","Load cells for thrust measurement, Weight sensors, Temperature sensors","T/W = Thrust (N) / Engine Weight (N). Higher ratios indicate better performance. Improved by increasing thrust or reducing weight through material optimization.",T/W (dimensionless),"Gauge chart, Line chart with historical trends","Real-time during operation, Post-flight analysis","🔴 < 6.0, 🟠 6.0–7.0, 🟢 > 7.0"
Overview,Specific Fuel Consumption (SFC),High fuel consumption per unit thrust reducing range and increasing operational costs,Optimize combustion efficiency and increase bypass ratio for improved fuel economy,"Fuel flow rate, Thrust output, Air-fuel ratio, Combustion temperature","Fuel flow sensors, Engine test data, CFD simulation","Fuel flow meters, Mass flow sensors, Thermocouples","SFC = Fuel Consumption (mg/s) / Thrust (N). Lower values indicate better efficiency. Optimized through improved combustion and higher bypass ratios.",mg/Ns,"Numeric indicator with % change, Line chart","Continuous during flight, Real-time monitoring","🔴 > 25, 🟠 24–25, 🟢 < 24"
Overview,Engine Efficiency,Low thermal efficiency resulting in poor energy conversion and fuel wastage,Enhance thermal management systems and optimize aerodynamic blade design,"Thermodynamic model data, CFD analysis, Component efficiency metrics","CFD + test data, Performance analysis software, Thermodynamic models","Temperature sensors, Pressure sensors, Flow meters","η = (Useful Work Output / Heat Input) × 100. Combines combustion, turbine, and nozzle efficiency. Improved through thermal management and aerodynamic optimization.",% (percentage),"Gauge chart, Progress bar with % change vs target","Per flight cycle, Real-time during operation","🔴 < 30%, 🟠 30–33%, 🟢 > 33%"
Overview,System Availability,Frequent unplanned downtime reducing operational readiness and mission capability,Implement AI-driven predictive maintenance and improve component reliability,"Uptime data, Downtime records, Failure logs, Maintenance schedules","Maintenance management system, Digital twin, Historical operational data","IoT sensors, Condition monitoring systems, SCADA","Availability = (Uptime / Total Time) × 100. Improved through predictive maintenance scheduling and high-quality components.",% (percentage),"Progress bar, KPI card with uptime metrics","Daily, Weekly aggregated reports","🔴 < 85%, 🟠 85–90%, 🟢 > 90%"
Overview,Remaining Useful Life (RUL),Unpredictable component failure leading to costly unplanned maintenance,Deploy predictive models using digital twin and historical degradation data,"Fatigue data, Thermal cycling records, Vibration data, Operating hours","Predictive maintenance models, Digital twin analytics, Historical data","Vibration sensors, Acoustic emission sensors, Temperature monitoring","RUL = f(thermal cycles, operating hours, vibration levels, maintenance quality). Predicted using ML models analyzing degradation patterns.",hours (h),"Color-coded numeric indicator, Trend chart showing degradation","Per flight cycle, Weekly predictions","🔴 < 300, 🟠 300–450, 🟢 > 500"
Overview,Turbine Inlet Temperature (TIT),Excessive temperature causing material degradation and reduced component life,Enhance cooling air flow and apply advanced thermal barrier coatings,"Temperature sensor data, Cooling flow rates, Material thermal properties","Temperature sensors, Test bed telemetry, CFD thermal analysis","High-temperature thermocouples, Pyrometers, IR sensors","TIT measured directly at turbine inlet. Indicates thermal loading. Managed through cooling optimization and TBC application.",°C (Celsius),"Thermometer-style indicator, Trend line chart","Real-time continuous, Per second during operation","🔴 > 1500°C, 🟠 1450–1500°C, 🟢 ≤ 1450°C"
Overview,Bypass Ratio,Suboptimal bypass air-to-core air ratio affecting thrust and efficiency balance,Optimize fan blade design and adjust fan diameter to achieve target BPR,"Bypass airflow, Core airflow, Fan design parameters","CFD analysis, Engine design data, Test instrumentation","Mass flow sensors, Pitot tubes, Pressure sensors","BPR = Bypass Air Mass Flow / Core Air Mass Flow. For military turbofans, low BPR (0.3–0.6) balances thrust and efficiency.",:1 (dimensionless),"Dial gauge, Numeric display","Design phase, Validation testing","🔴 < 0.25, 🟠 0.25–0.35, 🟢 0.35–0.6"
Overview,Mean Time Between Failures (MTBF),Frequent component failures reducing reliability and increasing maintenance burden,Improve component quality and implement scheduled preventive maintenance,"Failure event logs, Operating hours between failures, Component degradation data","Maintenance logs, Reliability database, Operational history","Health monitoring sensors, Diagnostic systems","MTBF = Total Operating Time / Number of Failures. Higher values indicate better reliability. Improved through quality components and preventive maintenance.",hours (h),"Bar chart, Trend line showing reliability improvement","Monthly analysis, Per maintenance cycle","🔴 < 1500, 🟠 1500–1800, 🟢 > 1800"
Overview,Overall Pressure Ratio (OPR),Insufficient compression reducing combustion efficiency and thrust output,Increase compressor stages or improve compressor blade aerodynamics,"Inlet pressure, Outlet pressure, Compressor performance data","Pressure sensors, Compressor test data","Static and dynamic pressure sensors, Transducers","OPR = Compressor Outlet Pressure / Inlet Pressure. Higher ratios improve thermal efficiency. Optimized through blade design and stage count.",:1 (dimensionless),"Numeric display, Line chart","Real-time, Per flight cycle","🔴 < 10, 🟠 10–12, 🟢 > 12"
Overview,Dry Thrust Output,Inadequate thrust without afterburner limiting subsonic performance,Optimize turbine efficiency and increase mass flow rate through engine,"Thrust measurement, Turbine inlet temperature, Mass flow rate","Load cells, Test stand data, Flight telemetry","Thrust load cells, Strain gauges","Dry Thrust = Mass Flow Rate × (Exit Velocity - Inlet Velocity). Optimized through turbine efficiency and mass flow improvements.",kN (kilonewtons),"Bar chart, Gauge indicator","Real-time during operation, Post-test analysis","🔴 < 24, 🟠 24–26, 🟢 > 26"
Overview,Reheat Thrust Output,Insufficient augmented thrust limiting supersonic capability and acceleration,Optimize afterburner fuel injection and nozzle geometry for efficient combustion,"Afterburner fuel flow, Nozzle area, Thrust with reheat","Thrust sensors, Fuel flow meters, Nozzle position sensors","Load cells, Fuel flow sensors, Position encoders","Reheat Thrust = Dry Thrust + Additional Thrust from Afterburner. Optimized through fuel-air mixing and nozzle control.",kN (kilonewtons),"Bar chart comparing dry vs reheat, Gauge","Real-time during reheat operation, Test analysis","🔴 < 30, 🟠 30–32, 🟢 > 32"
Overview,Engine Weight,Excessive weight reducing aircraft performance and payload capacity,Utilize lightweight advanced materials (titanium alloys, composites) and topology optimization,"Component weights, Material densities, Structural requirements","CAD models, Weight measurements, Material specifications","Precision scales, Weight sensors","Total Engine Weight = Σ(Component Weights). Reduced through material selection and structural optimization without compromising strength.",kg (kilograms),"Numeric display, Comparison bar chart","Design phase, Production verification","🔴 > 950, 🟠 900–950, 🟢 < 900"
FEA Analytics,Max Von Mises Stress,Excessive stress at turbine blade root fillet approaching yield strength causing crack initiation risk,Redesign fillet geometry to increase radius and upgrade to higher-strength material,"Structural load data, Material properties, FEA mesh results, Boundary conditions","FEA software output, Stress analysis models, Test validation data","Strain gauges for validation, Digital image correlation (DIC)","Von Mises Stress = √[(σ₁-σ₂)² + (σ₂-σ₃)² + (σ₃-σ₁)²]/√2. Indicates equivalent stress combining all principal stresses. Design improvement needed when approaching yield.",MPa (Megapascals),"Heat map on 3D model, Contour plot, Trend chart","Per design iteration, Validation testing","🔴 > 750, 🟠 600–750, 🟢 < 600"
FEA Analytics,Max Principal Strain,High strain at compressor blade leading edge indicating potential plastic deformation and low cycle fatigue,Install interblade damping system and increase local wall thickness at critical regions,"Displacement field data, Strain measurements, Material elastic properties","FEA displacement analysis, Strain gauge measurements","Strain gauges, Digital image correlation systems","Principal Strain = ΔL/L₀ (change in length / original length). Maximum value indicates critical deformation zones. Managed through geometry optimization and damping.",mm/mm (dimensionless),"Strain contour map, Line chart trend","Per design cycle, Validation with physical gauges","🔴 > 0.0070, 🟠 0.0060–0.0070, 🟢 < 0.0060"
FEA Analytics,Stress-to-Yield Ratio,Components operating too close to material failure limits risking structural failure,Reduce operating loads or upgrade to materials with higher yield strength,"Actual stress values, Material yield strength, Safety factor requirements","FEA stress analysis, Material property database","Stress sensors, Material testing equipment","Stress-to-Yield Ratio = (Actual Stress / Yield Strength) × 100. Values above 80% require immediate attention. Safety factors applied for design margins.",% (percentage),"Bar chart by component, Heat map","Per analysis, Real-time monitoring for critical parts","🔴 > 85%, 🟠 75–85%, 🟢 < 75%"
FEA Analytics,Fatigue Life Remaining,Accelerated fatigue damage accumulation reducing component service life below target,Apply shot peening for residual compressive stress and install oxidation-resistant coatings,"Cyclic load history, S-N curve data, Mean stress, Stress amplitude","Fatigue analysis software, Historical load data, Material fatigue curves","Cycle counters, Load sensors","Fatigue Life (N) = f(stress amplitude, mean stress, material S-N curve). Predicted using Goodman or Soderberg criteria. Extended through surface treatments.",cycles (number),"Progress bar showing % remaining, Prediction chart","Per 100 operating cycles, Weekly predictions","🔴 < 35000, 🟠 35000–45000, 🟢 > 50000"
FEA Analytics,Thermal Stress Margin,Insufficient margin between actual thermal stress and allowable limits causing thermal fatigue,Optimize cooling passages and apply advanced thermal barrier coatings (TBC),"Temperature distribution, Thermal expansion coefficients, Constraint conditions","CFD thermal analysis, Thermal FEA, Temperature sensors","Thermocouples, IR thermal cameras","Thermal Stress = E × α × ΔT × (constraint factor). Margin = (Allowable - Actual)/Allowable × 100. Improved through cooling design and TBC application.",% (percentage),"Gauge chart, Thermal contour map","Per thermal cycle, Real-time during operation","🔴 < 25%, 🟠 25–35%, 🟢 > 35%"
FEA Analytics,Maximum Displacement,Excessive structural deflection indicating insufficient stiffness and potential interference issues,Increase component thickness or add structural ribs to enhance stiffness,"Displacement field from FEA, Boundary conditions, Load cases","FEA displacement analysis, Deflection measurements","Laser displacement sensors, LVDTs","Maximum Displacement = max(|u|) where u is displacement vector field. Indicates structural flexibility. Controlled through geometry optimization and stiffening.",mm (millimeters),"Deformation contour plot, Vector field visualization","Per load case analysis, Design verification","🔴 > 2.0, 🟠 1.5–2.0, 🟢 < 1.5"
FMEA Analysis,Average Risk Priority Number (RPN),High overall system failure risk due to combination of severity and poor detection,Deploy advanced monitoring (AI thermal imaging, acoustic emission) and improve filtration systems,"Severity ratings (1-10), Occurrence ratings (1-10), Detection ratings (1-10)","FMEA worksheets, Failure history database, Expert assessments","Health monitoring sensors, Diagnostic equipment","RPN = Severity × Occurrence × Detection. Values > 100 require mitigation actions. Reduced through improved detection and occurrence reduction.",dimensionless,"Heat map by component, Bar chart ranked by RPN","Per FMEA review cycle, Quarterly updates","🔴 > 120, 🟠 80–120, 🟢 < 80"
FMEA Analysis,Critical Failure Mode Count,Multiple high-severity failure modes threatening system safety and reliability,Implement design modifications and enhanced monitoring for critical failure modes,"List of failure modes, Severity classifications, Current mitigations","FMEA database, Historical failure records","Continuous monitoring systems, Inspection tools","Count of failure modes with Severity ≥ 8. Each critical mode requires dedicated mitigation strategy and monitoring.",count (number),"Bar chart by subsystem, Priority matrix","Per FMEA session, Monthly tracking","🔴 > 5, 🟠 3–5, 🟢 < 3"
FMEA Analysis,Turbine Blade Thermal Creep RPN,High risk of blade structural failure due to prolonged high-temperature exposure,Upgrade to single-crystal superalloy and implement real-time thermal monitoring,"Temperature exposure data, Material creep properties, Cooling effectiveness","Temperature sensors, Material degradation models, Test data","High-temperature thermocouples, Thermal cameras","RPN = S(8) × O(4) × D(5) = 160. Reduced by improving detection (thermal monitoring) and occurrence (material upgrade).",dimensionless,"RPN trend chart, Mitigation impact visualization","Per 500 operating hours, Real-time alerts","🔴 > 140, 🟠 100–140, 🟢 < 100"
FMEA Analysis,Compressor Blade HCF RPN,High risk of high-cycle fatigue cracks due to resonant vibration,Conduct modal analysis and apply shot peening to reduce stress concentration,"Vibration frequency data, Stress amplitude, Blade natural frequencies","Vibration sensors, FEA modal analysis, Strain measurements","Accelerometers, Strain gauges, Eddy current sensors","RPN = S(9) × O(5) × D(3) = 135. Mitigated through vibration damping and surface treatment to extend fatigue life.",dimensionless,"RPN comparison chart, Trend analysis","Real-time vibration monitoring, Monthly FEA","🔴 > 120, 🟠 90–120, 🟢 < 90"
FMEA Analysis,Bearing Wear RPN,Risk of bearing failure due to lubrication contamination and wear,Install high-efficiency filtration and deploy AI oil analysis for contamination detection,"Oil debris particle count, Vibration signatures, Temperature data","Oil analysis lab, Vibration sensors, Temperature monitors","Oil debris sensors, Acoustic emission sensors","RPN = S(7) × O(6) × D(2) = 84. Reduced by improving detection (acoustic monitoring, AI analysis) and lowering occurrence (better filtration).",dimensionless,"RPN trend, Mitigation timeline","Continuous oil monitoring, Weekly analysis","🔴 > 100, 🟠 60–100, 🟢 < 60"
FMEA Analysis,Fuel Nozzle Clogging RPN,Risk of combustion instability and hot spots due to fuel system contamination,Implement inline filtration and AI-based fuel flow monitoring,"Fuel flow rate, Pressure drop across nozzle, Combustion temperature uniformity","Fuel flow sensors, Pressure transducers, Thermal imaging","Flow meters, Pressure sensors, Particulate monitors","RPN = S(7) × O(7) × D(3) = 147. Mitigated through filtration (occurrence reduction) and AI flow pattern analysis (detection improvement).",dimensionless,"RPN bar chart, Flow uniformity map","Real-time flow monitoring, Pre-flight checks","🔴 > 130, 🟠 100–130, 🟢 < 100"
Design Optimization,Thrust Output,Current thrust below target affecting aircraft performance envelope,Increase compressor pressure ratio and optimize turbine blade twist angles,"Target thrust specification, Current thrust measurement, Compressor parameters","Thrust test stand, Performance simulation, CFD analysis","Load cells, Pressure sensors","Thrust = ṁ × (V_exit - V_inlet) + (P_exit - P_ambient) × A_exit. Optimized through compressor and turbine design iterations.",N (Newtons),"Bar chart target vs actual, Optimization convergence plot","Per optimization iteration, Validation testing","🔴 < 145000, 🟠 145000–150000, 🟢 > 150000"
Design Optimization,Specific Fuel Consumption (SFC),SFC above target reducing range and increasing fuel costs,Increase turbine inlet temperature and optimize combustor fuel-air mixing,"Fuel consumption rate, Thrust output, TIT, Combustor efficiency","Fuel system sensors, Performance models, CFD combustion analysis","Fuel flow meters, Temperature sensors","SFC = Fuel Flow Rate / Thrust. Lower is better. Optimized through TIT increase (within material limits) and combustor efficiency improvement.",kg/(N·h),"Line chart showing optimization progress, Target comparison","Per optimization cycle, Flight test validation","🔴 > 0.60, 🟠 0.55–0.60, 🟢 < 0.55"
Design Optimization,Fatigue Life,Predicted component fatigue life significantly below target due to high stress,Redesign critical features (increase fillet radius) and apply surface treatments (shot peening),"Stress amplitude data, Mean stress, Material S-N curves, Geometry parameters","FEA fatigue analysis, Material testing, Design models","Fatigue test rigs, Stress analyzers","Fatigue Life = f(stress range, mean stress, surface finish, material properties). Extended through geometry optimization and surface enhancement.",cycles (number),"Progress bar vs target, Optimization parameter influence chart","Per design iteration, Validation testing","🔴 < 40000, 🟠 40000–50000, 🟢 > 50000"
Design Optimization,Max Stress,Peak stress exceeds material safety limits requiring design modification,Apply topology optimization and consider material upgrade to higher-yield alloys,"Stress distribution from FEA, Material yield strength, Load cases","FEA structural analysis, Optimization algorithms","Strain gauges for validation","Max Stress from FEA. Reduced through topology optimization (redistributing material) and material selection (higher yield strength).",MPa (Megapascals),"Heat map on model, Optimization iteration trend","Per optimization iteration, Design validation","🔴 > 800, 🟠 750–800, 🟢 < 750"
Design Optimization,Optimization Score,Overall design not meeting multi-objective targets (performance + constraints),Run multi-objective optimization balancing thrust, efficiency, stress, and fatigue life,"All performance KPIs, Constraint satisfaction metrics, Design variables","Optimization software, Performance database, Constraint checkers","All performance and structural monitoring systems","Composite Score = Weighted Sum of (Performance Gains + Constraint Satisfaction + Convergence + Multi-objective Balance). Maximized through iterative optimization.",score /100,"Spider/radar chart showing multiple objectives, Progress gauge","Per major design iteration, Weekly optimization runs","🔴 < 65, 🟠 65–75, 🟢 > 75"